created_at,entry_id,temp,humidity,lux,Noise,CO2
2024-05-21 11:30:00+02:00,1.5,24.86,58.24,376.66499999999996,0.0,573.0
2024-05-21 12:00:00+02:00,1.5,24.86,58.24,376.66499999999996,0.0,573.0
2024-05-21 12:30:00+02:00,1.5,24.86,58.24,376.66499999999996,0.0,573.0
2024-05-21 13:00:00+02:00,,,,,,
2024-05-21 13:30:00+02:00,,,,,,
2024-05-21 14:00:00+02:00,,,,,,
2024-05-21 14:30:00+02:00,,,,,,
2024-05-21 15:00:00+02:00,,,,,,
2024-05-21 15:30:00+02:00,,,,,,
2024-05-21 16:00:00+02:00,,,,,,
2024-05-21 16:30:00+02:00,,,,,,
2024-05-21 17:00:00+02:00,,,,,,
2024-05-21 17:30:00+02:00,,,,,,
2024-05-21 18:00:00+02:00,,,,,,
2024-05-21 18:30:00+02:00,,,,,,
2024-05-21 19:00:00+02:00,,,,,,
2024-05-21 19:30:00+02:00,,,,,,
2024-05-21 20:00:00+02:00,,,,,,
2024-05-21 20:30:00+02:00,,,,,,
2024-05-21 21:00:00+02:00,,,,,,
2024-05-21 21:30:00+02:00,,,,,,
2024-05-21 22:00:00+02:00,,,,,,
2024-05-21 22:30:00+02:00,,,,,,
2024-05-21 23:00:00+02:00,,,,,,
2024-05-21 23:30:00+02:00,,,,,,
2024-05-22 00:00:00+02:00,,,,,,
2024-05-22 00:30:00+02:00,,,,,,
2024-05-22 01:00:00+02:00,,,,,,
2024-05-22 01:30:00+02:00,,,,,,
2024-05-22 02:00:00+02:00,,,,,,
2024-05-22 02:30:00+02:00,,,,,,
2024-05-22 03:00:00+02:00,,,,,,
2024-05-22 03:30:00+02:00,,,,,,
2024-05-22 04:00:00+02:00,,,,,,
2024-05-22 04:30:00+02:00,,,,,,
2024-05-22 05:00:00+02:00,,,,,,
2024-05-22 05:30:00+02:00,,,,,,
2024-05-22 06:00:00+02:00,,,,,,
2024-05-22 06:30:00+02:00,,,,,,
2024-05-22 07:00:00+02:00,,,,,,
2024-05-22 07:30:00+02:00,,,,,,
2024-05-22 08:00:00+02:00,,,,,,
2024-05-22 08:30:00+02:00,,,,,,
2024-05-22 09:00:00+02:00,,,,,,
2024-05-22 09:30:00+02:00,,,,,,
2024-05-22 10:00:00+02:00,,,,,,
2024-05-22 10:30:00+02:00,,,,,,
2024-05-22 11:00:00+02:00,,,,,,
2024-05-22 11:30:00+02:00,,,,,,
2024-05-22 12:00:00+02:00,,,,,,
2024-05-22 12:30:00+02:00,,,,,,
2024-05-22 13:00:00+02:00,,,,,,
2024-05-22 13:30:00+02:00,,,,,,
2024-05-22 14:00:00+02:00,,,,,,
2024-05-22 14:30:00+02:00,,,,,,
2024-05-22 15:00:00+02:00,,,,,,
2024-05-22 15:30:00+02:00,11.0,31.781176470588235,57.58588235294118,18383.333529411764,63.474705882352936,230.94117647058823
2024-05-22 16:00:00+02:00,22.75,34.568588235294115,54.291441176470585,17776.88893137255,66.94285294117647,243.77058823529413
2024-05-22 16:30:00+02:00,36.666666666666664,35.53028104575163,51.509960784313726,20550.231065359476,65.3947908496732,259.66928104575163
2024-05-22 17:00:00+02:00,64.5,36.367333333333335,46.68077777777777,20233.517888888888,64.1348888888889,279.18888888888887
2024-05-22 17:30:00+02:00,94.5,35.76188888888889,42.72800000000001,19494.28622222222,61.711555555555556,288.73333333333335
2024-05-22 18:00:00+02:00,124.33333333333333,32.77595402298851,41.14773563218392,14201.885478927203,61.96050574712643,291.1524904214559
2024-05-22 18:30:00+02:00,154.0,29.64128735632184,41.329068965517244,9131.654590038315,62.9941724137931,288.55249042145596
2024-05-22 19:00:00+02:00,183.66666666666666,24.95995402298851,43.67584674329502,5148.867701149425,62.88961685823755,294.16360153256704
2024-05-22 19:30:00+02:00,213.5,24.654888888888888,44.39255555555555,8230.722,62.019888888888886,300.27777777777777
2024-05-22 20:00:00+02:00,243.5,27.233777777777778,42.94511111111111,15135.119444444446,61.20488888888889,306.1666666666667
2024-05-22 20:30:00+02:00,273.5,30.819111111111113,40.44588888888889,18942.99,60.10166666666667,317.23333333333335
2024-05-22 21:00:00+02:00,303.5,29.679444444444442,40.21622222222222,13188.083111111113,59.63211111111111,303.14444444444445
2024-05-22 21:30:00+02:00,333.5,25.268888888888892,42.57355555555556,5599.925666666666,59.52844444444444,303.4444444444444
2024-05-22 22:00:00+02:00,363.5,20.72744444444444,45.78066666666666,792.694,59.54577777777778,304.75555555555553
2024-05-22 22:30:00+02:00,393.5,18.723444444444443,48.16122222222222,59.22166666666667,59.49644444444444,331.6666666666667
2024-05-22 23:00:00+02:00,423.5,18.229444444444443,49.834111111111106,2.147888888888889,59.310333333333325,356.40000000000003
2024-05-22 23:30:00+02:00,453.5,17.885666666666665,51.32033333333334,0.0461111111111111,58.28377777777778,370.1333333333334
2024-05-23 00:00:00+02:00,483.0,17.52454320987654,52.65362962962963,0.0,57.227222222222224,377.62222222222226
2024-05-23 00:30:00+02:00,497.75,17.331148148148145,53.28511111111111,0.0,56.1,379.20000000000005
2024-05-23 01:00:00+02:00,512.0,17.066296296296287,53.80888888888889,0.0,55.71,378.0000000000001
2024-05-23 01:30:00+02:00,,,,,,
2024-05-23 02:00:00+02:00,,,,,,
2024-05-23 02:30:00+02:00,,,,,,
2024-05-23 03:00:00+02:00,,,,,,
2024-05-23 03:30:00+02:00,,,,,,
2024-05-23 04:00:00+02:00,,,,,,
2024-05-23 04:30:00+02:00,,,,,,
2024-05-23 05:00:00+02:00,,,,,,
2024-05-23 05:30:00+02:00,,,,,,
2024-05-23 06:00:00+02:00,,,,,,
2024-05-23 06:30:00+02:00,,,,,,
2024-05-23 07:00:00+02:00,,,,,,
2024-05-23 07:30:00+02:00,,,,,,
2024-05-23 08:00:00+02:00,,,,,,
2024-05-23 08:30:00+02:00,,,,,,
2024-05-23 09:00:00+02:00,,,,,,
2024-05-23 09:30:00+02:00,,,,,,
2024-05-23 10:00:00+02:00,,,,,,
2024-05-23 10:30:00+02:00,,,,,,
2024-05-23 11:00:00+02:00,,,,,,
2024-05-23 11:30:00+02:00,,,,,,
2024-05-23 12:00:00+02:00,,,,,,
2024-05-23 12:30:00+02:00,,,,,,
2024-05-23 13:00:00+02:00,,,,,,
2024-05-23 13:30:00+02:00,,,,,,
2024-05-23 14:00:00+02:00,,,,,,
2024-05-23 14:30:00+02:00,,,,,,
2024-05-23 15:00:00+02:00,,,,,,
2024-05-23 15:30:00+02:00,,,,,,
2024-05-23 16:00:00+02:00,,,,,,
2024-05-23 16:30:00+02:00,,,,,,
2024-05-23 17:00:00+02:00,,,,,,
2024-05-23 17:30:00+02:00,,,,,,
2024-05-23 18:00:00+02:00,,,,,,
2024-05-23 18:30:00+02:00,,,,,,
2024-05-23 19:00:00+02:00,,,,,,
2024-05-23 19:30:00+02:00,,,,,,
2024-05-23 20:00:00+02:00,,,,,,
2024-05-23 20:30:00+02:00,,,,,,
2024-05-23 21:00:00+02:00,,,,,,
2024-05-23 21:30:00+02:00,,,,,,
2024-05-23 22:00:00+02:00,,,,,,
2024-05-23 22:30:00+02:00,,,,,,
2024-05-23 23:00:00+02:00,,,,,,
2024-05-23 23:30:00+02:00,,,,,,
2024-05-24 00:00:00+02:00,,,,,,
2024-05-24 00:30:00+02:00,,,,,,
2024-05-24 01:00:00+02:00,,,,,,
2024-05-24 01:30:00+02:00,,,,,,
2024-05-24 02:00:00+02:00,,,,,,
2024-05-24 02:30:00+02:00,,,,,,
2024-05-24 03:00:00+02:00,,,,,,
2024-05-24 03:30:00+02:00,,,,,,
2024-05-24 04:00:00+02:00,,,,,,
2024-05-24 04:30:00+02:00,,,,,,
2024-05-24 05:00:00+02:00,,,,,,
2024-05-24 05:30:00+02:00,,,,,,
2024-05-24 06:00:00+02:00,,,,,,
2024-05-24 06:30:00+02:00,,,,,,
2024-05-24 07:00:00+02:00,,,,,,
2024-05-24 07:30:00+02:00,,,,,,
2024-05-24 08:00:00+02:00,,,,,,
2024-05-24 08:30:00+02:00,,,,,,
2024-05-24 09:00:00+02:00,,,,,,
2024-05-24 09:30:00+02:00,,,,,,
2024-05-24 10:00:00+02:00,,,,,,
2024-05-24 10:30:00+02:00,,,,,,
2024-05-24 11:00:00+02:00,,,,,,
2024-05-24 11:30:00+02:00,,,,,,
2024-05-24 12:00:00+02:00,,,,,,
2024-05-24 12:30:00+02:00,,,,,,
2024-05-24 13:00:00+02:00,,,,,,
2024-05-24 13:30:00+02:00,,,,,,
2024-05-24 14:00:00+02:00,,,,,,
2024-05-24 14:30:00+02:00,,,,,,
2024-05-24 15:00:00+02:00,,,,,,
2024-05-24 15:30:00+02:00,,,,,,
2024-05-24 16:00:00+02:00,,,,,,
2024-05-24 16:30:00+02:00,,,,,,
2024-05-24 17:00:00+02:00,,,,,,
2024-05-24 17:30:00+02:00,,,,,,
2024-05-24 18:00:00+02:00,,,,,,
2024-05-24 18:30:00+02:00,,,,,,
2024-05-24 19:00:00+02:00,,,,,,
2024-05-24 19:30:00+02:00,,,,,,
2024-05-24 20:00:00+02:00,,,,,,
2024-05-24 20:30:00+02:00,,,,,,
2024-05-24 21:00:00+02:00,,,,,,
2024-05-24 21:30:00+02:00,,,,,,
2024-05-24 22:00:00+02:00,,,,,,
2024-05-24 22:30:00+02:00,,,,,,
2024-05-24 23:00:00+02:00,,,,,,
2024-05-24 23:30:00+02:00,,,,,,
2024-05-25 00:00:00+02:00,,,,,,
2024-05-25 00:30:00+02:00,,,,,,
2024-05-25 01:00:00+02:00,,,,,,
2024-05-25 01:30:00+02:00,,,,,,
2024-05-25 02:00:00+02:00,,,,,,
2024-05-25 02:30:00+02:00,,,,,,
2024-05-25 03:00:00+02:00,,,,,,
2024-05-25 03:30:00+02:00,,,,,,
2024-05-25 04:00:00+02:00,,,,,,
2024-05-25 04:30:00+02:00,,,,,,
2024-05-25 05:00:00+02:00,,,,,,
2024-05-25 05:30:00+02:00,,,,,,
2024-05-25 06:00:00+02:00,,,,,,
2024-05-25 06:30:00+02:00,,,,,,
2024-05-25 07:00:00+02:00,,,,,,
2024-05-25 07:30:00+02:00,,,,,,
2024-05-25 08:00:00+02:00,,,,,,
2024-05-25 08:30:00+02:00,,,,,,
2024-05-25 09:00:00+02:00,,,,,,
2024-05-25 09:30:00+02:00,,,,,,
2024-05-25 10:00:00+02:00,,,,,,
2024-05-25 10:30:00+02:00,,,,,,
2024-05-25 11:00:00+02:00,,,,,,
2024-05-25 11:30:00+02:00,,,,,,
2024-05-25 12:00:00+02:00,,,,,,
2024-05-25 12:30:00+02:00,,,,,,
2024-05-25 13:00:00+02:00,,,,,,
2024-05-25 13:30:00+02:00,,,,,,
2024-05-25 14:00:00+02:00,,,,,,
2024-05-25 14:30:00+02:00,,,,,,
2024-05-25 15:00:00+02:00,,,,,,
2024-05-25 15:30:00+02:00,,,,,,
2024-05-25 16:00:00+02:00,526.0,37.639999999999986,53.71,25807.5,0.0,287.0
2024-05-25 16:30:00+02:00,526.5,34.18999999999999,53.175,18430.0,0.0,266.5
2024-05-25 17:00:00+02:00,527.0,33.306666666666665,51.916666666666664,15652.776666666667,0.0,284.3333333333333
2024-05-25 17:30:00+02:00,528.0,30.789999999999992,50.526666666666664,11013.61,0.0,289.6666666666667
2024-05-25 18:00:00+02:00,529.0,33.089999999999996,46.72,10989.443333333335,0.0,299.0
2024-05-25 18:30:00+02:00,530.0,39.339999999999996,41.18333333333333,25827.5,0.0,312.6666666666667
2024-05-25 19:00:00+02:00,531.0,45.99333333333332,33.94,37621.11,0.0,346.0
2024-05-25 19:30:00+02:00,532.0,49.51333333333333,28.096666666666664,45927.496666666666,23.516666666666666,388.6666666666667
2024-05-25 20:00:00+02:00,533.0,45.026666666666664,26.150000000000002,32410.553333333333,47.03333333333333,361.6666666666667
2024-05-25 20:30:00+02:00,534.0,40.803333333333335,25.74333333333333,23072.77666666667,70.55,348.6666666666667
2024-05-25 21:00:00+02:00,535.0,33.893333333333324,28.616666666666664,11925.279999999999,70.55,313.6666666666667
2024-05-25 21:30:00+02:00,536.0,28.63666666666666,31.836666666666662,7318.889999999999,70.55,321.3333333333333
2024-05-25 22:00:00+02:00,537.0,22.579999999999995,35.63666666666666,902.5,70.55,315.6666666666667
2024-05-25 22:30:00+02:00,538.0,19.50666666666666,38.12,83.61,70.55,342.0
2024-05-25 23:00:00+02:00,538.5,18.72999999999999,38.875,4.165000000000006,70.54999999999998,361.5
2024-05-25 23:30:00+02:00,539.0,18.249999999999982,39.75999999999999,1.2434497875801753e-14,70.54999999999998,376.0
2024-05-26 00:00:00+02:00,,,,,,
2024-05-26 00:30:00+02:00,,,,,,
2024-05-26 01:00:00+02:00,,,,,,
2024-05-26 01:30:00+02:00,,,,,,
2024-05-26 02:00:00+02:00,,,,,,
2024-05-26 02:30:00+02:00,,,,,,
2024-05-26 03:00:00+02:00,,,,,,
2024-05-26 03:30:00+02:00,,,,,,
2024-05-26 04:00:00+02:00,,,,,,
2024-05-26 04:30:00+02:00,,,,,,
2024-05-26 05:00:00+02:00,,,,,,
2024-05-26 05:30:00+02:00,,,,,,
2024-05-26 06:00:00+02:00,,,,,,
2024-05-26 06:30:00+02:00,,,,,,
2024-05-26 07:00:00+02:00,,,,,,
2024-05-26 07:30:00+02:00,,,,,,
2024-05-26 08:00:00+02:00,,,,,,
2024-05-26 08:30:00+02:00,,,,,,
2024-05-26 09:00:00+02:00,,,,,,
2024-05-26 09:30:00+02:00,,,,,,
2024-05-26 10:00:00+02:00,,,,,,
2024-05-26 10:30:00+02:00,,,,,,
2024-05-26 11:00:00+02:00,,,,,,
2024-05-26 11:30:00+02:00,,,,,,
2024-05-26 12:00:00+02:00,,,,,,
2024-05-26 12:30:00+02:00,,,,,,
2024-05-26 13:00:00+02:00,,,,,,
2024-05-26 13:30:00+02:00,,,,,,
2024-05-26 14:00:00+02:00,,,,,,
2024-05-26 14:30:00+02:00,540.5,26.039999999999985,47.165,9476.25,0.0,224.5
2024-05-26 15:00:00+02:00,541.25,30.764999999999993,42.8725,11451.875,0.0,263.25
2024-05-26 15:30:00+02:00,541.8333333333334,31.539999999999996,41.568333333333335,12843.75,0.0,282.1666666666667
2024-05-26 16:00:00+02:00,543.0,33.94333333333333,38.16,12238.333333333334,0.0,297.3333333333333
2024-05-26 16:30:00+02:00,544.0,32.839999999999996,37.263333333333335,9647.776666666667,0.0,295.6666666666667
2024-05-26 17:00:00+02:00,544.5,32.71499999999999,36.415,6657.915000000001,0.0,283.5
2024-05-26 17:30:00+02:00,545.0,32.17999999999998,35.89,5655.830000000002,0.0,297.0
2024-05-26 18:00:00+02:00,,,,,,
2024-05-26 18:30:00+02:00,,,,,,
2024-05-26 19:00:00+02:00,,,,,,
2024-05-26 19:30:00+02:00,,,,,,
2024-05-26 20:00:00+02:00,,,,,,
2024-05-26 20:30:00+02:00,,,,,,
2024-05-26 21:00:00+02:00,,,,,,
2024-05-26 21:30:00+02:00,,,,,,
2024-05-26 22:00:00+02:00,,,,,,
2024-05-26 22:30:00+02:00,,,,,,
2024-05-26 23:00:00+02:00,,,,,,
2024-05-26 23:30:00+02:00,,,,,,
2024-05-27 00:00:00+02:00,,,,,,
2024-05-27 00:30:00+02:00,,,,,,
2024-05-27 01:00:00+02:00,,,,,,
2024-05-27 01:30:00+02:00,,,,,,
2024-05-27 02:00:00+02:00,,,,,,
2024-05-27 02:30:00+02:00,,,,,,
2024-05-27 03:00:00+02:00,,,,,,
2024-05-27 03:30:00+02:00,,,,,,
2024-05-27 04:00:00+02:00,,,,,,
2024-05-27 04:30:00+02:00,,,,,,
2024-05-27 05:00:00+02:00,,,,,,
2024-05-27 05:30:00+02:00,,,,,,
2024-05-27 06:00:00+02:00,,,,,,
2024-05-27 06:30:00+02:00,,,,,,
2024-05-27 07:00:00+02:00,,,,,,
2024-05-27 07:30:00+02:00,,,,,,
2024-05-27 08:00:00+02:00,,,,,,
2024-05-27 08:30:00+02:00,,,,,,
2024-05-27 09:00:00+02:00,,,,,,
2024-05-27 09:30:00+02:00,,,,,,
2024-05-27 10:00:00+02:00,,,,,,
2024-05-27 10:30:00+02:00,,,,,,
2024-05-27 11:00:00+02:00,,,,,,
2024-05-27 11:30:00+02:00,,,,,,
2024-05-27 12:00:00+02:00,,,,,,
2024-05-27 12:30:00+02:00,,,,,,
2024-05-27 13:00:00+02:00,,,,,,
2024-05-27 13:30:00+02:00,,,,,,
2024-05-27 14:00:00+02:00,,,,,,
2024-05-27 14:30:00+02:00,,,,,,
2024-05-27 15:00:00+02:00,,,,,,
2024-05-27 15:30:00+02:00,,,,,,
2024-05-27 16:00:00+02:00,,,,,,
2024-05-27 16:30:00+02:00,,,,,,
2024-05-27 17:00:00+02:00,,,,,,
2024-05-27 17:30:00+02:00,,,,,,
2024-05-27 18:00:00+02:00,,,,,,
2024-05-27 18:30:00+02:00,,,,,,
2024-05-27 19:00:00+02:00,,,,,,
2024-05-27 19:30:00+02:00,,,,,,
2024-05-27 20:00:00+02:00,,,,,,
2024-05-27 20:30:00+02:00,,,,,,
2024-05-27 21:00:00+02:00,,,,,,
2024-05-27 21:30:00+02:00,,,,,,
2024-05-27 22:00:00+02:00,,,,,,
2024-05-27 22:30:00+02:00,,,,,,
2024-05-27 23:00:00+02:00,,,,,,
2024-05-27 23:30:00+02:00,,,,,,
2024-05-28 00:00:00+02:00,,,,,,
2024-05-28 00:30:00+02:00,,,,,,
2024-05-28 01:00:00+02:00,,,,,,
2024-05-28 01:30:00+02:00,,,,,,
2024-05-28 02:00:00+02:00,,,,,,
2024-05-28 02:30:00+02:00,,,,,,
2024-05-28 03:00:00+02:00,,,,,,
2024-05-28 03:30:00+02:00,,,,,,
2024-05-28 04:00:00+02:00,,,,,,
2024-05-28 04:30:00+02:00,,,,,,
2024-05-28 05:00:00+02:00,,,,,,
2024-05-28 05:30:00+02:00,,,,,,
2024-05-28 06:00:00+02:00,,,,,,
2024-05-28 06:30:00+02:00,,,,,,
2024-05-28 07:00:00+02:00,,,,,,
2024-05-28 07:30:00+02:00,,,,,,
2024-05-28 08:00:00+02:00,,,,,,
2024-05-28 08:30:00+02:00,,,,,,
2024-05-28 09:00:00+02:00,,,,,,
2024-05-28 09:30:00+02:00,,,,,,
2024-05-28 10:00:00+02:00,,,,,,
2024-05-28 10:30:00+02:00,,,,,,
2024-05-28 11:00:00+02:00,,,,,,
2024-05-28 11:30:00+02:00,,,,,,
2024-05-28 12:00:00+02:00,,,,,,
2024-05-28 12:30:00+02:00,,,,,,
2024-05-28 13:00:00+02:00,,,,,,
2024-05-28 13:30:00+02:00,,,,,,
2024-05-28 14:00:00+02:00,,,,,,
2024-05-28 14:30:00+02:00,,,,,,
2024-05-28 15:00:00+02:00,,,,,,
2024-05-28 15:30:00+02:00,,,,,,
2024-05-28 16:00:00+02:00,,,,,,
2024-05-28 16:30:00+02:00,,,,,,
2024-05-28 17:00:00+02:00,,,,,,
2024-05-28 17:30:00+02:00,,,,,,
2024-05-28 18:00:00+02:00,,,,,,
2024-05-28 18:30:00+02:00,,,,,,
2024-05-28 19:00:00+02:00,,,,,,
2024-05-28 19:30:00+02:00,,,,,,
2024-05-28 20:00:00+02:00,,,,,,
2024-05-28 20:30:00+02:00,,,,,,
2024-05-28 21:00:00+02:00,,,,,,
2024-05-28 21:30:00+02:00,,,,,,
2024-05-28 22:00:00+02:00,,,,,,
2024-05-28 22:30:00+02:00,,,,,,
2024-05-28 23:00:00+02:00,,,,,,
2024-05-28 23:30:00+02:00,,,,,,
2024-05-29 00:00:00+02:00,,,,,,
2024-05-29 00:30:00+02:00,,,,,,
2024-05-29 01:00:00+02:00,,,,,,
2024-05-29 01:30:00+02:00,,,,,,
2024-05-29 02:00:00+02:00,,,,,,
2024-05-29 02:30:00+02:00,,,,,,
2024-05-29 03:00:00+02:00,,,,,,
2024-05-29 03:30:00+02:00,,,,,,
2024-05-29 04:00:00+02:00,,,,,,
2024-05-29 04:30:00+02:00,,,,,,
2024-05-29 05:00:00+02:00,,,,,,
2024-05-29 05:30:00+02:00,,,,,,
2024-05-29 06:00:00+02:00,,,,,,
2024-05-29 06:30:00+02:00,,,,,,
2024-05-29 07:00:00+02:00,,,,,,
2024-05-29 07:30:00+02:00,,,,,,
2024-05-29 08:00:00+02:00,,,,,,
2024-05-29 08:30:00+02:00,,,,,,
2024-05-29 09:00:00+02:00,,,,,,
2024-05-29 09:30:00+02:00,,,,,,
2024-05-29 10:00:00+02:00,,,,,,
2024-05-29 10:30:00+02:00,,,,,,
2024-05-29 11:00:00+02:00,,,,,,
2024-05-29 11:30:00+02:00,546.0,23.619999999999987,60.59,10433.33,0.0,406.0
2024-05-29 12:00:00+02:00,546.5,24.699999999999996,60.150000000000006,12980.83,0.0,406.5
2024-05-29 12:30:00+02:00,547.0,24.23333333333333,60.47,12041.943333333335,0.0,407.0
2024-05-29 13:00:00+02:00,548.0,23.899999999999995,60.49,12286.666666666666,0.0,412.3333333333333
2024-05-29 13:30:00+02:00,548.5,22.959999999999994,60.879999999999995,10665.835000000001,0.0,415.0
2024-05-29 14:00:00+02:00,549.0,22.61999999999999,60.65,11167.500000000002,0.0,422.0
2024-05-29 14:30:00+02:00,,,,,,
2024-05-29 15:00:00+02:00,,,,,,
2024-05-29 15:30:00+02:00,,,,,,
2024-05-29 16:00:00+02:00,,,,,,
2024-05-29 16:30:00+02:00,,,,,,
2024-05-29 17:00:00+02:00,,,,,,
2024-05-29 17:30:00+02:00,,,,,,
2024-05-29 18:00:00+02:00,,,,,,
2024-05-29 18:30:00+02:00,,,,,,
2024-05-29 19:00:00+02:00,,,,,,
2024-05-29 19:30:00+02:00,,,,,,
2024-05-29 20:00:00+02:00,,,,,,
2024-05-29 20:30:00+02:00,,,,,,
2024-05-29 21:00:00+02:00,,,,,,
2024-05-29 21:30:00+02:00,,,,,,
2024-05-29 22:00:00+02:00,,,,,,
2024-05-29 22:30:00+02:00,,,,,,
2024-05-29 23:00:00+02:00,,,,,,
2024-05-29 23:30:00+02:00,,,,,,
2024-05-30 00:00:00+02:00,,,,,,
2024-05-30 00:30:00+02:00,,,,,,
2024-05-30 01:00:00+02:00,,,,,,
2024-05-30 01:30:00+02:00,,,,,,
2024-05-30 02:00:00+02:00,,,,,,
2024-05-30 02:30:00+02:00,,,,,,
2024-05-30 03:00:00+02:00,,,,,,
2024-05-30 03:30:00+02:00,,,,,,
2024-05-30 04:00:00+02:00,,,,,,
2024-05-30 04:30:00+02:00,,,,,,
2024-05-30 05:00:00+02:00,,,,,,
2024-05-30 05:30:00+02:00,,,,,,
2024-05-30 06:00:00+02:00,,,,,,
2024-05-30 06:30:00+02:00,,,,,,
2024-05-30 07:00:00+02:00,,,,,,
2024-05-30 07:30:00+02:00,,,,,,
2024-05-30 08:00:00+02:00,,,,,,
2024-05-30 08:30:00+02:00,,,,,,
2024-05-30 09:00:00+02:00,,,,,,
2024-05-30 09:30:00+02:00,,,,,,
2024-05-30 10:00:00+02:00,,,,,,
2024-05-30 10:30:00+02:00,,,,,,
2024-05-30 11:00:00+02:00,,,,,,
2024-05-30 11:30:00+02:00,,,,,,
2024-05-30 12:00:00+02:00,,,,,,
2024-05-30 12:30:00+02:00,,,,,,
2024-05-30 13:00:00+02:00,,,,,,
2024-05-30 13:30:00+02:00,,,,,,
2024-05-30 14:00:00+02:00,,,,,,
2024-05-30 14:30:00+02:00,,,,,,
2024-05-30 15:00:00+02:00,,,,,,
2024-05-30 15:30:00+02:00,,,,,,
2024-05-30 16:00:00+02:00,,,,,,
2024-05-30 16:30:00+02:00,550.5,19.419999999999987,58.695,2813.335,0.0,404.5
2024-05-30 17:00:00+02:00,550.5,19.419999999999987,58.695,2813.335,0.0,404.5
2024-05-30 17:30:00+02:00,551.25,19.654999999999994,59.8675,3901.2525,0.0,412.25
2024-05-30 18:00:00+02:00,552.5,22.09499999999999,59.61,7257.92,0.0,426.5
2024-05-30 18:30:00+02:00,553.0,22.606666666666666,59.10333333333333,7583.889999999999,0.0,430.6666666666667
2024-05-30 19:00:00+02:00,554.0,24.459999999999994,57.626666666666665,12730.276666666667,0.0,439.3333333333333
2024-05-30 19:30:00+02:00,555.0,26.766666666666662,55.42666666666667,15138.61,0.0,435.3333333333333
2024-05-30 20:00:00+02:00,556.0,25.779999999999998,55.370000000000005,13497.223333333333,0.0,424.0
2024-05-30 20:30:00+02:00,557.0,24.893333333333327,54.26333333333333,9043.613333333333,27.006666666666664,412.0
2024-05-30 21:00:00+02:00,558.0,20.839999999999993,57.35,4101.3899999999985,54.01333333333333,421.0
2024-05-30 21:30:00+02:00,559.0,20.11666666666666,58.84,3199.1666666666656,81.02,443.0
2024-05-30 22:00:00+02:00,560.0,18.08333333333333,64.20333333333333,857.2233333333321,81.02,455.6666666666667
2024-05-30 22:30:00+02:00,561.0,17.04333333333333,67.45333333333333,216.11333333333212,81.02,462.3333333333333
2024-05-30 23:00:00+02:00,562.0,16.13666666666666,70.39,14.446666666665456,81.02,467.0
2024-05-30 23:30:00+02:00,563.0,15.72333333333333,71.29333333333334,0.556666666665454,81.02,483.6666666666667
2024-05-31 00:00:00+02:00,564.0,15.469999999999994,71.98666666666666,0.0,81.02,500.3333333333333
2024-05-31 00:30:00+02:00,565.0,15.099999999999994,72.39666666666666,0.0,75.32666666666667,515.0
2024-05-31 01:00:00+02:00,566.0,14.769999999999996,72.46666666666668,0.0,69.63333333333333,527.0
2024-05-31 01:30:00+02:00,567.0,14.47333333333333,72.41333333333334,0.0,63.94,531.6666666666666
2024-05-31 02:00:00+02:00,568.0,14.479999999999995,72.47333333333334,0.0,63.94,537.3333333333334
2024-05-31 02:30:00+02:00,569.0,14.529999999999994,72.68666666666667,0.0,63.94,543.3333333333334
2024-05-31 03:00:00+02:00,570.0,14.726666666666661,72.98,0.0,63.94,550.0
2024-05-31 03:30:00+02:00,571.0,14.813333333333327,73.36999999999999,0.0,63.94,553.0
2024-05-31 04:00:00+02:00,572.0,14.96333333333333,73.84666666666668,0.0,63.94,552.3333333333334
2024-05-31 04:30:00+02:00,573.0,15.069999999999993,74.27333333333333,0.0,62.580000000000005,552.0
2024-05-31 05:00:00+02:00,574.0,15.156666666666661,74.67333333333333,1.3899999999987873,61.22,551.3333333333334
2024-05-31 05:30:00+02:00,575.0,15.03333333333333,75.09666666666668,23.33333333333212,59.85999999999999,546.0
2024-05-31 06:00:00+02:00,576.0,15.00666666666666,75.64333333333333,78.60999999999879,59.85999999999999,546.3333333333334
2024-05-31 06:30:00+02:00,577.0,15.079999999999993,76.05,180.27666666666548,59.85999999999999,543.0
2024-05-31 07:00:00+02:00,578.0,15.299999999999995,77.14999999999999,638.8899999999988,59.85999999999999,543.0
2024-05-31 07:30:00+02:00,579.0,15.599999999999994,77.98,1037.2233333333322,59.85999999999999,530.0
2024-05-31 08:00:00+02:00,580.0,16.399999999999995,78.35333333333334,2045.8333333333321,59.85999999999999,494.6666666666667
2024-05-31 08:30:00+02:00,581.0,17.56333333333333,76.83666666666666,3088.053333333332,57.550000000000004,465.3333333333333
2024-05-31 09:00:00+02:00,582.0,18.513333333333332,75.02999999999999,4605.553333333332,55.24,446.3333333333333
2024-05-31 09:30:00+02:00,583.0,19.319999999999997,71.40999999999998,6056.943333333332,52.93,447.0
2024-05-31 10:00:00+02:00,584.0,19.979999999999993,68.24333333333333,6623.609999999998,52.93,434.0
2024-05-31 10:30:00+02:00,585.0,20.709999999999997,65.32333333333334,7064.166666666665,52.93,418.3333333333333
2024-05-31 11:00:00+02:00,586.0,21.573333333333327,63.07666666666666,7098.053333333332,52.93,406.3333333333333
2024-05-31 11:30:00+02:00,587.0,23.239999999999995,60.84666666666667,8822.499999999998,52.93,401.6666666666667
2024-05-31 12:00:00+02:00,588.0,25.30999999999999,58.169999999999995,10694.166666666666,52.93,397.0
2024-05-31 12:30:00+02:00,589.0,27.869999999999994,55.56333333333333,12976.946666666665,35.28666666666667,388.6666666666667
2024-05-31 13:00:00+02:00,590.0,29.78666666666666,51.303333333333335,16271.666666666666,17.643333333333334,392.6666666666667
2024-05-31 13:30:00+02:00,591.0,30.119999999999994,45.75,15307.776666666665,0.0,394.6666666666667
2024-05-31 14:00:00+02:00,592.0,28.829999999999995,42.29666666666666,13933.053333333331,0.0,402.6666666666667
2024-05-31 14:30:00+02:00,593.0,29.05999999999999,39.76666666666667,12775.83333333333,0.0,402.3333333333333
2024-05-31 15:00:00+02:00,594.0,29.919999999999998,38.31666666666666,13885.83333333333,0.0,399.6666666666667
2024-05-31 15:30:00+02:00,595.0,31.23666666666666,36.74,15412.776666666663,0.0,401.3333333333333
2024-05-31 16:00:00+02:00,596.0,32.27,35.10999999999999,16238.886666666664,20.086666666666666,403.0
2024-05-31 16:30:00+02:00,597.0,35.233333333333334,34.03333333333334,15481.109999999995,40.17333333333333,403.6666666666667
2024-05-31 17:00:00+02:00,598.0,39.373333333333335,29.906666666666666,21407.499999999996,60.26,404.0
2024-05-31 17:30:00+02:00,599.0,40.36666666666667,27.826666666666668,23839.16666666666,60.26,405.6666666666667
2024-05-31 18:00:00+02:00,600.0,39.699999999999996,24.826666666666668,28277.499999999996,60.26,408.0
2024-05-31 18:30:00+02:00,601.0,34.12,29.94333333333334,19001.389999999996,60.26,406.3333333333333
2024-05-31 19:00:00+02:00,602.0,28.186666666666667,39.77333333333333,10450.833333333328,60.26,402.6666666666667
2024-05-31 19:30:00+02:00,603.0,21.966666666666665,51.68000000000001,2639.166666666662,60.26,410.3333333333333
2024-05-31 20:00:00+02:00,604.0,19.58,59.913333333333334,1135.2766666666619,59.916666666666664,425.3333333333333
2024-05-31 20:30:00+02:00,605.0,19.09,63.05333333333334,630.5566666666618,59.57333333333333,443.3333333333333
2024-05-31 21:00:00+02:00,606.0,18.973333333333333,66.34333333333335,378.3333333333285,59.23,448.6666666666667
2024-05-31 21:30:00+02:00,607.0,18.80333333333333,69.21,237.49999999999514,59.23,449.6666666666667
2024-05-31 22:00:00+02:00,608.0,18.466666666666665,72.07,84.71999999999515,59.23,438.0
2024-05-31 22:30:00+02:00,609.0,18.126666666666665,73.53999999999999,38.609999999995146,59.23,443.0
2024-05-31 23:00:00+02:00,610.0,17.849999999999998,73.99,1.1099999999951493,59.23,452.0
2024-05-31 23:30:00+02:00,611.0,17.799999999999997,74.14333333333333,0.0,59.23,466.6666666666667
2024-06-01 00:00:00+02:00,612.0,17.716666666666665,75.17333333333333,0.0,60.48666666666666,476.3333333333333
2024-06-01 00:30:00+02:00,613.0,17.609999999999996,76.17,0.0,61.74333333333334,480.3333333333333
2024-06-01 01:00:00+02:00,614.0,17.2,78.09333333333333,0.0,63.0,479.0
2024-06-01 01:30:00+02:00,615.0,17.08,79.54666666666667,0.0,63.0,469.6666666666667
2024-06-01 02:00:00+02:00,616.0,17.016666666666666,80.50666666666666,0.0,63.0,465.0
2024-06-01 02:30:00+02:00,617.0,17.006666666666664,81.35666666666667,0.0,63.0,464.0
2024-06-01 03:00:00+02:00,618.0,16.689999999999998,83.01666666666667,0.0,63.0,471.3333333333333
2024-06-01 03:30:00+02:00,619.0,16.289999999999996,85.03333333333333,0.0,63.0,478.6666666666667
2024-06-01 04:00:00+02:00,620.0,16.09333333333333,85.98666666666666,0.0,64.83666666666666,494.0
2024-06-01 04:30:00+02:00,621.0,16.049999999999997,86.17,0.276666666661816,66.67333333333333,501.3333333333333
2024-06-01 05:00:00+02:00,622.0,16.02666666666666,86.34333333333332,4.99999999999515,68.51,504.6666666666667
2024-06-01 05:30:00+02:00,623.0,16.08,86.69333333333334,41.109999999995146,68.51,502.3333333333333
2024-06-01 06:00:00+02:00,624.0,16.196666666666665,86.89333333333333,131.38999999999515,68.51,504.3333333333333
2024-06-01 06:30:00+02:00,625.0,16.439999999999998,86.88666666666666,473.88999999999515,68.51,497.6666666666667
2024-06-01 07:00:00+02:00,626.0,16.859999999999996,86.55,939.4466666666618,68.51,482.3333333333333
2024-06-01 07:30:00+02:00,627.0,17.036666666666665,86.06,1228.0566666666618,68.51,469.6666666666667
2024-06-01 08:00:00+02:00,628.0,17.266666666666666,85.76666666666667,1534.7233333333286,65.19333333333334,473.6666666666667
2024-06-01 08:30:00+02:00,629.0,17.439999999999998,85.58666666666666,1940.8333333333285,61.876666666666665,481.3333333333333
2024-06-01 09:00:00+02:00,630.0,17.48333333333333,85.93666666666667,1946.389999999995,58.56,487.6666666666667
2024-06-01 09:30:00+02:00,631.0,17.529999999999998,86.08333333333333,1982.2233333333286,58.56,485.6666666666667
2024-06-01 10:00:00+02:00,632.0,17.749999999999996,86.19666666666667,1868.3366666666618,58.56,471.0
2024-06-01 10:30:00+02:00,633.0,18.439999999999998,85.38333333333333,2668.336666666662,58.56,460.3333333333333
2024-06-01 11:00:00+02:00,634.0,18.91666666666666,85.06333333333333,2860.0033333333286,58.56,450.3333333333333
2024-06-01 11:30:00+02:00,635.0,19.12333333333333,85.19333333333333,3198.056666666662,58.56,458.6666666666667
2024-06-01 12:00:00+02:00,636.0,19.389999999999997,85.57000000000001,3196.109999999995,56.800000000000004,442.6666666666667
2024-06-01 12:30:00+02:00,637.0,20.743333333333332,82.69666666666667,6288.886666666662,55.04,418.0
2024-06-01 13:00:00+02:00,638.0,22.793333333333333,76.51666666666667,9310.276666666663,53.28,402.3333333333333
2024-06-01 13:30:00+02:00,639.0,24.586666666666662,68.95,10776.666666666662,53.28,398.3333333333333
2024-06-01 14:00:00+02:00,640.0,24.72333333333333,66.45666666666666,9452.776666666661,53.28,411.0
2024-06-01 14:30:00+02:00,641.0,24.626666666666665,65.72,7181.6666666666615,53.28,418.6666666666667
2024-06-01 15:00:00+02:00,642.0,24.006666666666664,68.19,7122.223333333328,53.28,427.6666666666667
2024-06-01 15:30:00+02:00,643.0,24.796666666666663,66.39,8808.889999999994,53.28,436.0
2024-06-01 16:00:00+02:00,644.0,26.74,62.35,14207.776666666663,55.13333333333333,431.3333333333333
2024-06-01 16:30:00+02:00,645.0,27.119999999999994,60.04,14683.886666666664,56.98666666666667,425.6666666666667
2024-06-01 17:00:00+02:00,646.0,27.933333333333326,56.593333333333334,17091.38666666666,58.84,418.0
2024-06-01 17:30:00+02:00,647.0,28.916666666666668,52.629999999999995,19793.05333333333,58.84,412.6666666666667
2024-06-01 18:00:00+02:00,648.0,33.21,43.916666666666664,31387.496666666662,58.84,419.3333333333333
2024-06-01 18:30:00+02:00,649.0,31.956666666666663,45.629999999999995,27013.05333333333,58.84,414.0
2024-06-01 19:00:00+02:00,650.0,28.02333333333333,54.906666666666666,18101.66666666666,58.84,430.0
2024-06-01 19:30:00+02:00,651.0,22.64333333333333,66.44333333333333,4313.613333333328,58.84,442.3333333333333
2024-06-01 20:00:00+02:00,652.0,21.399999999999995,71.33999999999999,2480.279999999995,59.92333333333334,462.6666666666667
2024-06-01 20:30:00+02:00,653.0,20.626666666666665,73.97,1581.389999999995,61.00666666666667,469.3333333333333
2024-06-01 21:00:00+02:00,654.0,19.98,76.47333333333331,754.9999999999951,62.09,478.6666666666667
2024-06-01 21:30:00+02:00,655.0,19.39,78.83999999999999,229.4433333333285,62.09,487.6666666666667
2024-06-01 22:00:00+02:00,656.0,18.909999999999997,80.98,57.219999999995146,62.09,496.6666666666667
2024-06-01 22:30:00+02:00,657.0,18.369999999999997,83.10666666666667,11.386666666661815,62.09,494.0
2024-06-01 23:00:00+02:00,658.0,18.013333333333332,84.38,0.276666666661816,62.09,490.6666666666667
2024-06-01 23:30:00+02:00,659.0,17.736666666666665,84.81,0.0,62.09,490.3333333333333
2024-06-02 00:00:00+02:00,660.0,17.626666666666665,84.55333333333333,0.0,64.71666666666667,496.6666666666667
2024-06-02 00:30:00+02:00,661.0,17.279999999999998,85.29333333333334,0.0,67.34333333333333,503.3333333333333
2024-06-02 01:00:00+02:00,662.0,17.149999999999995,85.32666666666667,0.0,69.97,513.0
2024-06-02 01:30:00+02:00,663.0,17.039999999999996,85.12333333333333,0.0,69.97,522.3333333333334
2024-06-02 02:00:00+02:00,664.0,17.05333333333333,84.05,0.0,69.97,530.6666666666666
2024-06-02 02:30:00+02:00,665.0,16.80333333333333,84.29333333333334,0.0,69.97,505.3333333333333
2024-06-02 03:00:00+02:00,666.0,16.61,84.63666666666667,0.0,69.97,489.6666666666667
2024-06-02 03:30:00+02:00,667.0,16.216666666666665,85.83,0.0,69.97,450.3333333333333
2024-06-02 04:00:00+02:00,668.0,15.906666666666665,86.95,0.0,71.22333333333334,458.3333333333333
2024-06-02 04:30:00+02:00,669.0,15.549999999999997,88.19999999999999,0.276666666661816,72.47666666666667,464.0
2024-06-02 05:00:00+02:00,670.0,15.493333333333332,87.94333333333333,6.386666666661815,73.73,496.0
2024-06-02 05:30:00+02:00,671.0,15.539999999999997,86.48666666666666,33.05333333332848,73.73,510.0
2024-06-02 06:00:00+02:00,672.0,15.579999999999998,84.78666666666666,112.77666666666181,73.73,517.3333333333334
2024-06-02 06:30:00+02:00,673.0,15.49333333333333,83.52333333333333,261.94333333332844,73.73,510.0
2024-06-02 07:00:00+02:00,674.0,15.436666666666666,82.67999999999999,510.8333333333285,73.73,512.0
2024-06-02 07:30:00+02:00,675.0,15.559999999999997,81.33666666666666,673.8899999999952,73.73,505.6666666666667
2024-06-02 08:00:00+02:00,676.0,15.823333333333332,80.02333333333333,1094.446666666662,71.28666666666668,518.6666666666666
2024-06-02 08:30:00+02:00,677.0,16.243333333333332,77.40333333333334,1729.7233333333286,68.84333333333333,510.3333333333333
2024-06-02 09:00:00+02:00,678.0,16.486666666666665,74.58999999999999,2553.3333333333285,66.4,511.3333333333333
2024-06-02 09:30:00+02:00,679.0,16.67333333333333,72.13333333333333,2679.7233333333284,66.4,506.6666666666667
2024-06-02 10:00:00+02:00,680.0,16.83,71.0,2634.166666666662,66.4,504.3333333333333
2024-06-02 10:30:00+02:00,681.0,17.336666666666662,70.36666666666666,2807.7766666666616,66.4,487.3333333333333
2024-06-02 11:00:00+02:00,682.0,18.289999999999996,68.98666666666666,4073.8866666666618,66.4,455.3333333333333
2024-06-02 11:30:00+02:00,683.0,20.536666666666665,64.21666666666667,7344.999999999995,66.4,426.0
2024-06-02 12:00:00+02:00,684.0,23.263333333333332,57.85333333333333,12463.889999999994,66.18,408.0
2024-06-02 12:30:00+02:00,685.0,25.17333333333333,51.52333333333333,16768.33333333333,65.96,401.3333333333333
2024-06-02 13:00:00+02:00,686.0,25.569999999999997,46.98333333333333,16670.55333333333,65.74,404.0
2024-06-02 13:30:00+02:00,687.0,25.53666666666666,44.78333333333333,14683.609999999995,65.74,421.6666666666667
2024-06-02 14:00:00+02:00,688.0,25.95333333333333,42.309999999999995,12783.333333333328,65.74,432.0
2024-06-02 14:30:00+02:00,689.0,26.706666666666663,41.31333333333333,12749.723333333328,65.74,435.6666666666667
2024-06-02 15:00:00+02:00,690.0,26.653333333333332,40.64666666666667,12832.499999999995,65.74,436.0
2024-06-02 15:30:00+02:00,691.0,27.08,40.78666666666667,13866.109999999995,65.74,446.0
2024-06-02 16:00:00+02:00,692.0,26.333333333333332,41.96666666666667,13923.609999999995,67.31,458.0
2024-06-02 16:30:00+02:00,693.0,26.259999999999994,41.70666666666667,13692.219999999996,68.88,451.6666666666667
2024-06-02 17:00:00+02:00,694.0,24.95,42.77333333333333,11143.053333333328,70.45,450.0
2024-06-02 17:30:00+02:00,695.0,25.549999999999997,41.59666666666667,11918.053333333328,70.45,451.0
2024-06-02 18:00:00+02:00,696.0,27.683333333333334,39.36666666666667,16981.94333333333,70.45,453.3333333333333
2024-06-02 18:30:00+02:00,697.0,28.72666666666667,36.29333333333334,17542.77666666666,70.45,450.6666666666667
2024-06-02 19:00:00+02:00,698.0,28.326666666666668,35.57666666666667,16071.38666666666,70.45,442.3333333333333
2024-06-02 19:30:00+02:00,699.0,25.139999999999997,39.513333333333335,9228.053333333328,70.45,446.0
2024-06-02 20:00:00+02:00,700.0,25.58,40.27,15177.77666666666,68.22,451.0
2024-06-02 20:30:00+02:00,701.0,25.853333333333335,40.75666666666667,17436.94333333333,65.99,466.6666666666667
2024-06-02 21:00:00+02:00,702.0,25.186666666666667,41.48333333333333,15876.943333333329,63.76,456.3333333333333
2024-06-02 21:30:00+02:00,703.0,21.426666666666666,48.88999999999999,6591.943333333328,63.76,461.3333333333333
2024-06-02 22:00:00+02:00,704.0,17.916666666666664,57.37,969.4433333333272,63.76,460.3333333333333
2024-06-02 22:30:00+02:00,705.0,16.103333333333328,63.19666666666666,85.2766666666606,63.76,490.3333333333333
2024-06-02 23:00:00+02:00,706.0,15.32333333333333,65.72,2.7766666666606032,63.76,501.3333333333333
2024-06-02 23:30:00+02:00,707.0,14.776666666666664,66.95,0.0,63.76,517.6666666666666
2024-06-03 00:00:00+02:00,708.0,14.356666666666664,68.33,0.0,66.17666666666666,525.0
2024-06-03 00:30:00+02:00,709.0,14.029999999999996,69.37666666666667,0.0,68.59333333333335,534.0
2024-06-03 01:00:00+02:00,710.0,13.686666666666666,70.54666666666667,0.0,71.01,534.3333333333334
2024-06-03 01:30:00+02:00,711.0,13.386666666666665,71.30333333333334,0.0,71.01,539.6666666666666
2024-06-03 02:00:00+02:00,712.0,13.026666666666664,71.74333333333334,0.0,71.01,547.3333333333334
2024-06-03 02:30:00+02:00,713.0,12.826666666666666,71.51666666666667,0.0,71.01,562.0
2024-06-03 03:00:00+02:00,714.0,12.956666666666665,71.22666666666667,0.0,71.01,567.0
2024-06-03 03:30:00+02:00,715.0,13.256666666666666,71.13,0.0,71.01,571.0
2024-06-03 04:00:00+02:00,716.0,13.636666666666663,71.13333333333333,0.0,67.24000000000001,575.6666666666666
2024-06-03 04:30:00+02:00,717.0,13.856666666666664,71.44666666666666,0.5566666666606034,63.470000000000006,582.0
2024-06-03 05:00:00+02:00,718.0,14.21333333333333,71.96333333333334,11.946666666660605,59.70000000000001,574.3333333333334
2024-06-03 05:30:00+02:00,719.0,14.616666666666665,72.30333333333333,62.50333333332727,59.70000000000001,561.0
2024-06-03 06:00:00+02:00,720.0,15.066666666666663,72.21000000000001,210.00333333332728,59.70000000000001,546.0
2024-06-03 06:30:00+02:00,721.0,15.31333333333333,71.22000000000001,501.66999999999393,59.70000000000001,542.0
2024-06-03 07:00:00+02:00,722.0,15.406666666666665,70.12,914.7233333333273,59.70000000000001,543.6666666666666
2024-06-03 07:30:00+02:00,723.0,15.596666666666664,68.95333333333333,1468.889999999994,59.70000000000001,542.6666666666666
2024-06-03 08:00:00+02:00,724.0,16.179999999999996,68.09333333333332,2099.7233333333274,57.4,526.3333333333334
2024-06-03 08:30:00+02:00,725.0,17.12333333333333,67.39333333333333,2921.1133333333273,55.1,500.3333333333333
2024-06-03 09:00:00+02:00,726.0,17.906666666666663,66.61999999999999,3301.6666666666606,52.79999999999999,479.6666666666667
2024-06-03 09:30:00+02:00,727.0,18.099999999999998,66.1,3310.5533333333274,52.79999999999999,478.3333333333333
2024-06-03 10:00:00+02:00,728.0,18.163333333333327,65.05333333333334,3494.719999999994,52.79999999999999,486.3333333333333
2024-06-03 10:30:00+02:00,729.0,18.139999999999997,63.71666666666667,4462.499999999994,52.79999999999999,496.0
2024-06-03 11:00:00+02:00,730.0,19.50666666666666,60.72666666666667,6964.44666666666,52.79999999999999,471.6666666666667
2024-06-03 11:30:00+02:00,731.0,20.23333333333333,57.666666666666664,7398.889999999995,52.79999999999999,453.3333333333333
2024-06-03 12:00:00+02:00,732.0,21.419999999999998,55.71333333333333,8070.556666666661,54.19,426.6666666666667
2024-06-03 12:30:00+02:00,733.0,22.99333333333333,54.69333333333333,9007.499999999995,55.580000000000005,422.3333333333333
2024-06-03 13:00:00+02:00,734.0,24.219999999999995,52.03,10063.333333333328,56.97,408.6666666666667
2024-06-03 13:30:00+02:00,735.0,25.989999999999995,48.35,14042.219999999996,56.97,407.0
2024-06-03 14:00:00+02:00,736.0,25.28666666666666,43.85666666666666,13924.99666666666,56.97,408.0
2024-06-03 14:30:00+02:00,737.0,26.606666666666666,42.123333333333335,17779.996666666662,56.97,410.3333333333333
2024-06-03 15:00:00+02:00,738.0,27.37666666666666,38.943333333333335,15945.553333333328,56.97,404.3333333333333
2024-06-03 15:30:00+02:00,739.0,29.773333333333326,36.73,17035.833333333325,56.97,405.6666666666667
2024-06-03 16:00:00+02:00,740.0,29.529999999999998,34.74666666666666,13224.446666666661,57.35999999999999,405.6666666666667
2024-06-03 16:30:00+02:00,741.0,27.543333333333326,36.199999999999996,10926.946666666661,57.75,407.6666666666667
2024-06-03 17:00:00+02:00,742.0,24.803333333333327,39.28666666666667,8525.279999999993,58.14000000000001,410.6666666666667
2024-06-03 17:30:00+02:00,743.0,24.75333333333333,41.333333333333336,11055.556666666662,58.14000000000001,411.0
2024-06-03 18:00:00+02:00,744.0,25.429999999999996,41.49666666666667,9987.223333333326,58.14000000000001,411.6666666666667
2024-06-03 18:30:00+02:00,745.0,24.98333333333333,41.51333333333333,7732.499999999993,58.14000000000001,411.6666666666667
2024-06-03 19:00:00+02:00,746.0,22.859999999999996,43.47333333333333,2961.6666666666592,58.14000000000001,413.3333333333333
2024-06-03 19:30:00+02:00,747.0,21.39666666666666,46.02,2243.8899999999926,58.14000000000001,424.3333333333333
2024-06-03 20:00:00+02:00,748.0,21.016666666666662,47.83666666666667,2041.6666666666595,58.25333333333333,435.3333333333333
2024-06-03 20:30:00+02:00,749.0,20.779999999999998,48.39666666666667,1484.1666666666595,58.36666666666667,452.3333333333333
2024-06-03 21:00:00+02:00,750.0,20.326666666666664,48.88333333333333,761.3866666666594,58.48,461.3333333333333
2024-06-03 21:30:00+02:00,751.0,19.82333333333333,49.5,281.10999999999274,58.48,464.3333333333333
2024-06-03 22:00:00+02:00,752.0,19.516666666666662,50.126666666666665,76.6666666666594,58.48,468.0
2024-06-03 22:30:00+02:00,753.0,19.319999999999997,51.01666666666666,16.389999999992725,58.48,471.3333333333333
2024-06-03 23:00:00+02:00,754.0,19.27333333333333,51.99,0.5566666666593907,58.48,482.6666666666667
2024-06-03 23:30:00+02:00,755.0,19.176666666666662,52.96666666666667,0.0,58.48,484.6666666666667
2024-06-04 00:00:00+02:00,756.0,19.08,53.9,0.0,58.38999999999999,488.0
2024-06-04 00:30:00+02:00,757.0,18.819999999999997,54.723333333333336,0.0,58.300000000000004,487.3333333333333
2024-06-04 01:00:00+02:00,758.0,18.599999999999998,55.51333333333333,0.0,58.21,492.0
2024-06-04 01:30:00+02:00,759.0,18.409999999999997,56.120000000000005,0.0,58.21,495.6666666666667
2024-06-04 02:00:00+02:00,760.0,18.353333333333328,56.78,0.0,58.21,501.6666666666667
2024-06-04 02:30:00+02:00,761.0,18.216666666666665,57.60666666666666,0.0,58.21,503.0
2024-06-04 03:00:00+02:00,762.0,17.98,58.376666666666665,0.0,58.21,506.3333333333333
2024-06-04 03:30:00+02:00,763.0,17.813333333333333,59.026666666666664,0.0,58.21,512.6666666666666
2024-06-04 04:00:00+02:00,764.0,17.643333333333327,59.43666666666667,0.0,57.23333333333333,515.0
2024-06-04 04:30:00+02:00,765.0,17.53666666666666,59.98333333333333,0.5566666666593907,56.25666666666666,519.6666666666666
2024-06-04 05:00:00+02:00,766.0,17.366666666666664,60.56333333333333,11.113333333326059,55.28,521.0
2024-06-04 05:30:00+02:00,767.0,17.27333333333333,61.31,63.056666666659396,55.28,531.6666666666666
2024-06-04 06:00:00+02:00,768.0,17.24333333333333,61.876666666666665,206.94333333332608,55.28,541.0
2024-06-04 06:30:00+02:00,769.0,17.326666666666664,62.50666666666667,462.77666666665937,55.28,551.6666666666666
2024-06-04 07:00:00+02:00,770.0,17.569999999999997,62.949999999999996,798.3333333333261,55.28,557.3333333333334
2024-06-04 07:30:00+02:00,771.0,17.949999999999992,63.339999999999996,1330.2799999999927,55.28,553.0
2024-06-04 08:00:00+02:00,772.0,18.546666666666663,63.376666666666665,2069.9999999999927,53.38666666666666,534.6666666666666
2024-06-04 08:30:00+02:00,773.0,19.399999999999995,62.900000000000006,3171.6666666666592,51.49333333333334,507.6666666666667
2024-06-04 09:00:00+02:00,774.0,20.24333333333333,61.906666666666666,4118.053333333326,49.6,484.6666666666667
2024-06-04 09:30:00+02:00,775.0,20.79333333333333,60.76,4917.776666666659,49.6,475.0
2024-06-04 10:00:00+02:00,776.0,22.14333333333333,58.97333333333333,6560.27666666666,49.6,452.6666666666667
2024-06-04 10:30:00+02:00,777.0,23.69333333333333,56.73,8603.333333333327,49.6,435.0
2024-06-04 11:00:00+02:00,778.0,25.97333333333333,54.27666666666667,10933.333333333327,49.6,410.3333333333333
2024-06-04 11:30:00+02:00,779.0,27.456666666666663,51.89333333333334,12141.943333333327,49.6,410.6666666666667
2024-06-04 12:00:00+02:00,780.0,29.45,49.46333333333333,13986.109999999993,51.13666666666666,405.6666666666667
2024-06-04 12:30:00+02:00,781.0,31.476666666666663,46.949999999999996,13612.77666666666,52.67333333333334,401.3333333333333
2024-06-04 13:00:00+02:00,782.0,31.889999999999997,44.666666666666664,12590.27666666666,54.21,411.3333333333333
2024-06-04 13:30:00+02:00,783.0,31.939999999999994,43.04,10716.666666666659,54.21,424.3333333333333
2024-06-04 14:00:00+02:00,784.0,31.346666666666664,41.36666666666667,10562.499999999993,54.21,446.0
2024-06-04 14:30:00+02:00,784.5,31.919999999999995,40.72,10867.084999999988,54.209999999999994,449.5
2024-06-04 15:00:00+02:00,785.5,33.35999999999999,38.345,10465.41499999999,54.21,451.0
2024-06-04 15:30:00+02:00,786.5,38.18499999999999,36.33,15609.999999999989,54.21,437.0
2024-06-04 16:00:00+02:00,787.0,36.349999999999994,35.54,14679.166666666659,55.300000000000004,435.6666666666667
2024-06-04 16:30:00+02:00,788.0,36.50999999999999,34.193333333333335,17691.66666666666,56.38999999999999,438.0
2024-06-04 17:00:00+02:00,789.0,35.449999999999996,32.32333333333333,16413.053333333326,57.48,442.3333333333333
2024-06-04 17:30:00+02:00,790.0,36.53666666666666,30.326666666666664,16494.443333333325,57.48,438.3333333333333
2024-06-04 18:00:00+02:00,791.0,34.916666666666664,29.286666666666665,12848.333333333327,57.48,427.6666666666667
2024-06-04 18:30:00+02:00,792.0,31.509999999999994,30.133333333333336,9406.94666666666,57.48,438.3333333333333
2024-06-04 19:00:00+02:00,793.0,29.99333333333333,31.61,8985.833333333327,57.48,458.0
2024-06-04 19:30:00+02:00,794.0,31.563333333333333,31.41333333333333,13236.109999999993,57.48,461.6666666666667
2024-06-04 20:00:00+02:00,795.0,32.15,30.7,13258.329999999994,57.81333333333333,447.3333333333333
2024-06-04 20:30:00+02:00,796.0,30.519999999999996,31.189999999999998,10987.77666666666,58.14666666666667,436.3333333333333
2024-06-04 21:00:00+02:00,797.0,26.633333333333326,34.23,4208.333333333326,58.48,443.3333333333333
2024-06-04 21:30:00+02:00,798.0,23.929999999999996,37.86666666666667,1898.333333333326,58.48,453.6666666666667
2024-06-04 22:00:00+02:00,799.0,22.30666666666666,40.97333333333333,236.66666666665938,58.48,465.6666666666667
2024-06-04 22:30:00+02:00,800.0,21.75666666666666,43.28333333333333,30.833333333326056,58.48,481.6666666666667
2024-06-04 23:00:00+02:00,801.0,21.299999999999994,46.116666666666674,0.5566666666593907,58.48,477.6666666666667
2024-06-04 23:30:00+02:00,802.0,20.263333333333325,50.03666666666667,0.0,58.48,480.0
2024-06-05 00:00:00+02:00,803.0,19.243333333333325,54.68333333333334,0.0,58.39333333333334,488.3333333333333
2024-06-05 00:30:00+02:00,804.0,18.589999999999993,58.86333333333334,0.0,58.30666666666667,518.3333333333334
2024-06-05 01:00:00+02:00,805.0,18.669999999999998,60.98,0.0,58.22,537.3333333333334
2024-06-05 01:30:00+02:00,806.0,18.61333333333333,62.126666666666665,0.0,58.22,545.6666666666666
2024-06-05 02:00:00+02:00,807.0,18.299999999999997,62.15,0.0,58.22,540.0
2024-06-05 02:30:00+02:00,808.0,17.86333333333333,62.85999999999999,0.0,58.22,537.3333333333334
2024-06-05 03:00:00+02:00,809.0,17.509999999999994,63.24,0.0,58.22,538.6666666666666
2024-06-05 03:30:00+02:00,810.0,17.339999999999993,63.843333333333334,0.0,58.22,551.3333333333334
2024-06-05 04:00:00+02:00,811.0,17.11666666666666,64.50333333333334,0.0,57.49333333333333,556.0
2024-06-05 04:30:00+02:00,812.0,16.97333333333333,65.31,0.5566666666593907,56.76666666666667,560.0
2024-06-05 05:00:00+02:00,813.0,16.899999999999995,66.14333333333333,8.333333333326058,56.04,564.3333333333334
2024-06-05 05:30:00+02:00,814.0,16.606666666666666,67.91666666666667,24.723333333326057,56.04,548.0
2024-06-05 06:00:00+02:00,815.0,15.60333333333333,72.79,166.38999999999274,56.04,528.6666666666666
2024-06-05 06:30:00+02:00,816.0,14.633333333333328,76.90666666666667,418.33666666665937,56.04,518.6666666666666
2024-06-05 07:00:00+02:00,817.0,14.17333333333333,79.08,1016.1133333333261,56.04,532.0
2024-06-05 07:30:00+02:00,818.0,14.703333333333328,77.29,1892.223333333326,56.04,544.3333333333334
2024-06-05 08:00:00+02:00,819.0,15.726666666666661,75.24000000000001,3233.0566666666596,54.14333333333334,533.3333333333334
2024-06-05 08:30:00+02:00,820.0,16.70333333333333,72.05000000000001,4376.946666666659,52.24666666666667,527.0
2024-06-05 09:00:00+02:00,821.0,17.529999999999994,68.9,4938.056666666659,50.35,522.0
2024-06-05 09:30:00+02:00,822.0,18.23333333333333,66.02333333333334,5294.723333333326,50.35,516.0
2024-06-05 10:00:00+02:00,823.0,19.426666666666662,64.13,5939.723333333325,50.35,492.0
2024-06-05 10:30:00+02:00,824.0,20.37666666666666,61.23666666666666,7352.7799999999925,50.35,483.6666666666667
2024-06-05 11:00:00+02:00,825.0,21.866666666666664,58.42666666666667,9105.279999999993,50.35,464.0
2024-06-05 11:30:00+02:00,826.0,23.289999999999996,55.41,10709.166666666659,50.35,467.0
2024-06-05 12:00:00+02:00,827.0,24.95,52.96333333333333,11191.109999999991,53.160000000000004,457.6666666666667
2024-06-05 12:30:00+02:00,828.0,25.763333333333332,50.196666666666665,10808.329999999993,55.970000000000006,468.0
2024-06-05 13:00:00+02:00,829.0,24.956666666666663,48.656666666666666,9533.886666666658,58.78,468.0
2024-06-05 13:30:00+02:00,830.0,24.619999999999994,48.01666666666667,8996.109999999993,58.78,468.0
2024-06-05 14:00:00+02:00,831.0,24.53666666666666,45.053333333333335,8551.109999999991,58.78,456.6666666666667
2024-06-05 14:30:00+02:00,832.0,26.316666666666663,42.31333333333333,10262.77666666666,58.78,446.3333333333333
2024-06-05 15:00:00+02:00,833.0,28.263333333333332,38.85666666666666,11063.88666666666,58.78,437.3333333333333
2024-06-05 15:30:00+02:00,834.0,29.59333333333333,36.586666666666666,14013.609999999993,58.78,448.6666666666667
2024-06-05 16:00:00+02:00,835.0,30.59333333333333,32.51,13621.38666666666,59.94,441.0
2024-06-05 16:30:00+02:00,836.0,30.819999999999993,28.766666666666666,14252.77666666666,61.1,427.3333333333333
2024-06-05 17:00:00+02:00,837.0,29.686666666666664,27.813333333333333,14279.999999999993,62.26,418.3333333333333
2024-06-05 17:30:00+02:00,838.0,31.676666666666662,25.163333333333338,24059.723333333328,62.26,430.0
2024-06-05 18:00:00+02:00,839.0,29.406666666666663,26.3,24347.49999999999,62.26,437.6666666666667
2024-06-05 18:30:00+02:00,840.0,29.58,24.91,23196.10999999999,62.26,427.3333333333333
2024-06-05 19:00:00+02:00,841.0,29.009999999999994,24.236666666666668,20238.333333333325,62.26,428.3333333333333
2024-06-05 19:30:00+02:00,842.0,28.439999999999994,23.233333333333334,17401.113333333324,62.26,423.0
2024-06-05 20:00:00+02:00,843.0,26.02666666666666,25.733333333333334,14433.056666666658,61.82333333333333,447.6666666666667
2024-06-05 20:30:00+02:00,844.0,20.91666666666666,30.38666666666667,4794.723333333326,61.38666666666668,452.3333333333333
2024-06-05 21:00:00+02:00,845.0,20.099999999999998,31.64,3874.1666666666592,60.95000000000001,479.6666666666667
2024-06-05 21:30:00+02:00,846.0,19.27333333333333,31.97,2172.4999999999927,60.95000000000001,490.6666666666667
2024-06-05 22:00:00+02:00,847.0,18.099999999999994,33.63666666666666,940.8333333333261,60.95000000000001,513.0
2024-06-05 22:30:00+02:00,848.0,16.52666666666666,35.54666666666666,41.94333333332606,60.95000000000001,525.6666666666666
2024-06-05 23:00:00+02:00,849.0,15.693333333333328,36.623333333333335,4.166666666659391,60.95000000000001,532.6666666666666
2024-06-05 23:30:00+02:00,850.0,14.813333333333327,36.64666666666667,0.2766666666593907,60.95000000000001,535.3333333333334
2024-06-06 00:00:00+02:00,851.0,14.109999999999994,37.046666666666674,0.0,62.43333333333334,540.3333333333334
2024-06-06 00:30:00+02:00,852.0,13.513333333333328,37.62,0.0,63.916666666666664,546.0
2024-06-06 01:00:00+02:00,853.0,13.163333333333327,38.36333333333334,0.0,65.40000000000002,555.6666666666666
2024-06-06 01:30:00+02:00,854.0,13.10333333333333,39.24333333333333,0.0,65.39999999999999,564.6666666666666
2024-06-06 02:00:00+02:00,855.0,13.163333333333327,40.10666666666667,0.0,65.40000000000002,575.3333333333334
2024-06-06 02:30:00+02:00,856.0,13.01666666666666,40.876666666666665,0.0,65.39999999999999,575.6666666666666
2024-06-06 03:00:00+02:00,857.0,12.633333333333328,41.58333333333333,0.0,65.40000000000002,570.0
2024-06-06 03:30:00+02:00,858.0,12.33666666666666,42.333333333333336,0.0,65.39999999999999,563.6666666666666
2024-06-06 04:00:00+02:00,859.0,12.293333333333328,43.120000000000005,0.0,62.19333333333335,578.0
2024-06-06 04:30:00+02:00,860.0,12.36333333333333,43.833333333333336,1.1099999999927241,58.98666666666667,600.0
2024-06-06 05:00:00+02:00,861.0,12.499999999999995,44.403333333333336,19.719999999992723,55.78,621.0
2024-06-06 05:30:00+02:00,862.0,12.746666666666663,44.946666666666665,125.82999999999272,55.78,628.6666666666666
2024-06-06 06:00:00+02:00,863.0,13.106666666666662,45.41,536.1099999999927,55.78,628.0
2024-06-06 06:30:00+02:00,864.0,13.733333333333327,45.91,1186.1099999999926,55.78,615.3333333333334
2024-06-06 07:00:00+02:00,865.0,14.819999999999995,46.28,2207.7766666666594,55.78,589.0
2024-06-06 07:30:00+02:00,866.0,16.136666666666663,46.46,2951.943333333326,55.78,555.3333333333334
2024-06-06 08:00:00+02:00,867.0,17.50333333333333,46.36333333333334,4077.223333333326,54.666666666666664,520.3333333333334
2024-06-06 08:30:00+02:00,868.0,19.09666666666666,46.01,5132.7799999999925,53.553333333333335,487.3333333333333
2024-06-06 09:00:00+02:00,869.0,20.726666666666663,45.300000000000004,6712.499999999993,52.44,460.3333333333333
2024-06-06 09:30:00+02:00,870.0,21.793333333333326,44.449999999999996,6881.109999999993,52.44,449.6666666666667
2024-06-06 10:00:00+02:00,871.0,22.713333333333328,43.82333333333333,7353.333333333326,52.44,442.6666666666667
2024-06-06 10:30:00+02:00,872.0,24.289999999999996,43.04666666666666,8096.946666666659,52.44,432.3333333333333
2024-06-06 11:00:00+02:00,873.0,25.496666666666666,41.086666666666666,8613.056666666658,52.44,420.3333333333333
2024-06-06 11:30:00+02:00,874.0,25.429999999999996,38.71333333333334,8787.499999999993,52.44,420.6666666666667
2024-06-06 12:00:00+02:00,875.0,25.049999999999997,35.306666666666665,8055.833333333326,53.73,415.3333333333333
2024-06-06 12:30:00+02:00,876.0,26.50333333333333,33.09666666666667,10915.556666666658,55.02,411.6666666666667
2024-06-06 13:00:00+02:00,877.0,28.49333333333333,30.126666666666665,13560.279999999992,56.31,407.0
2024-06-06 13:30:00+02:00,878.0,29.266666666666662,28.086666666666662,15283.889999999992,56.31,415.6666666666667
2024-06-06 14:00:00+02:00,879.0,29.999999999999996,26.799999999999997,16193.889999999992,56.31,422.3333333333333
2024-06-06 14:30:00+02:00,880.0,30.50333333333333,25.81,14944.723333333326,56.31,428.3333333333333
2024-06-06 15:00:00+02:00,881.0,32.339999999999996,25.459999999999997,15072.499999999993,56.31,433.6666666666667
2024-06-06 15:30:00+02:00,882.0,31.966666666666658,24.026666666666667,11996.666666666659,56.31,433.0
2024-06-06 16:00:00+02:00,883.0,31.20333333333333,24.28333333333333,12310.27666666666,57.24333333333334,433.6666666666667
2024-06-06 16:30:00+02:00,884.0,29.309999999999988,24.790000000000003,10505.27666666666,58.17666666666667,442.6666666666667
2024-06-06 17:00:00+02:00,885.0,27.899999999999988,26.34,9947.219999999992,59.10999999999999,453.6666666666667
2024-06-06 17:30:00+02:00,886.0,27.183333333333323,27.45,9456.38666666666,59.10999999999999,456.6666666666667
2024-06-06 18:00:00+02:00,887.0,25.376666666666654,30.623333333333335,9471.666666666659,59.10999999999999,447.0
2024-06-06 18:30:00+02:00,888.0,27.339999999999993,29.900000000000002,17675.55666666666,59.10999999999999,432.0
2024-06-06 19:00:00+02:00,889.0,26.53333333333332,31.340000000000003,16616.113333333324,59.10999999999999,436.6666666666667
2024-06-06 19:30:00+02:00,890.0,26.893333333333327,31.093333333333334,15813.333333333327,59.10999999999999,448.0
2024-06-06 20:00:00+02:00,891.0,23.543333333333322,34.79333333333334,6577.77666666666,58.836666666666666,470.0
2024-06-06 20:30:00+02:00,892.0,22.36999999999999,36.64666666666667,4197.219999999993,58.56333333333333,468.3333333333333
2024-06-06 21:00:00+02:00,893.0,20.856666666666655,38.92333333333334,2248.8866666666595,58.29,469.0
2024-06-06 21:30:00+02:00,894.0,19.54999999999999,41.41666666666667,676.943333333326,58.29,469.6666666666667
2024-06-06 22:00:00+02:00,895.0,18.756666666666657,43.83666666666667,69.1666666666594,58.29,485.3333333333333
2024-06-06 22:30:00+02:00,896.0,18.463333333333324,45.26,11.66666666665939,58.29,501.6666666666667
2024-06-06 23:00:00+02:00,897.0,18.273333333333323,46.31333333333333,1.1099999999927241,58.29,512.3333333333334
2024-06-06 23:30:00+02:00,898.0,18.10999999999999,47.199999999999996,0.829999999992724,58.29,519.3333333333334
2024-06-07 00:00:00+02:00,899.0,17.92666666666666,48.27666666666667,0.829999999992724,61.03333333333333,523.6666666666666
2024-06-07 00:30:00+02:00,900.0,17.879999999999992,48.85,0.829999999992724,63.776666666666664,530.3333333333334
2024-06-07 01:00:00+02:00,901.0,17.813333333333322,49.05666666666667,0.829999999992724,66.52,536.3333333333334
2024-06-07 01:30:00+02:00,902.0,17.57999999999999,49.68,0.829999999992724,66.52,534.6666666666666
2024-06-07 02:00:00+02:00,903.0,17.206666666666656,50.81999999999999,0.829999999992724,66.52,536.3333333333334
2024-06-07 02:30:00+02:00,904.0,16.76999999999999,52.26,0.829999999992724,66.52,532.0
2024-06-07 03:00:00+02:00,905.0,16.433333333333323,53.23333333333333,0.829999999992724,66.52,536.3333333333334
2024-06-07 03:30:00+02:00,906.0,15.933333333333323,53.77,0.829999999992724,66.52,537.6666666666666
2024-06-07 04:00:00+02:00,907.0,15.399999999999991,53.92666666666667,1.109999999992724,63.68666666666667,536.3333333333334
2024-06-07 04:30:00+02:00,908.0,14.943333333333323,54.39666666666667,3.3333333333260575,60.85333333333333,539.6666666666666
2024-06-07 05:00:00+02:00,909.0,14.523333333333325,55.106666666666676,48.61333333332605,58.02,544.3333333333334
2024-06-07 05:30:00+02:00,910.0,14.23999999999999,56.18666666666667,283.8899999999927,58.02,555.3333333333334
2024-06-07 06:00:00+02:00,911.0,14.113333333333323,56.77666666666667,816.3899999999927,58.02,565.3333333333334
2024-06-07 06:30:00+02:00,912.0,14.36999999999999,57.23,1546.3899999999928,58.02,573.0
2024-06-07 07:00:00+02:00,913.0,14.86999999999999,57.330000000000005,2265.5566666666596,58.02,580.0
2024-06-07 07:30:00+02:00,914.0,15.48999999999999,57.50333333333334,2807.223333333326,58.02,575.0
2024-06-07 08:00:00+02:00,915.0,16.213333333333324,57.6,3203.8899999999926,56.68333333333334,563.0
2024-06-07 08:30:00+02:00,916.0,16.996666666666655,57.65,3562.779999999993,55.346666666666664,541.3333333333334
2024-06-07 09:00:00+02:00,917.0,17.866666666666656,57.343333333333334,3912.223333333326,54.01,513.3333333333334
2024-06-07 09:30:00+02:00,918.0,18.679999999999993,55.919999999999995,4073.0566666666596,54.01,483.0
2024-06-07 10:00:00+02:00,919.0,19.299999999999994,53.74666666666667,4075.833333333326,54.01,466.3333333333333
2024-06-07 10:30:00+02:00,920.0,19.786666666666658,50.446666666666665,4066.6666666666592,54.01,460.3333333333333
2024-06-07 11:00:00+02:00,921.0,20.723333333333326,47.88666666666666,5260.276666666659,54.01,447.3333333333333
2024-06-07 11:30:00+02:00,922.0,22.603333333333325,44.57333333333333,7373.333333333326,54.01,428.3333333333333
2024-06-07 12:00:00+02:00,923.0,24.939999999999987,41.98333333333333,9971.113333333325,56.47666666666667,410.0
2024-06-07 12:30:00+02:00,924.0,27.53333333333332,38.42,11755.556666666658,58.94333333333333,407.3333333333333
2024-06-07 13:00:00+02:00,925.0,29.203333333333322,36.220000000000006,10807.499999999993,61.41,407.6666666666667
2024-06-07 13:30:00+02:00,926.0,30.31666666666666,34.02333333333333,12497.77666666666,61.41,418.0
